Index,Name,Chromosome,Position,GenTrain Score,SNP,ILMN Strand,Customer Strand,NormID
1,200003,9,139026180,0.8931,[T/C],BOT,TOP,1
2,200006,9,139046223,0.7824,[A/G],TOP,BOT,1
3,200047,2,219793146,0.8318,[T/C],BOT,TOP,1
4,200050,2,219797929,0.8117,[C/G],TOP,BOT,101
6,200053,2,219783289,0.7597,[T/C],BOT,BOT,1
7,200070,16,16174099,0.9464,[G/C],BOT,BOT,101
8,200078,16,16194115,0.7073,[C/G],TOP,BOT,201
9,200087,16,16153665,0.8708,[T/G],BOT,BOT,1
10,200091,16,16188655,0.8032,[A/C],TOP,TOP,1
5,200052,2,219783037,0.9126,[T/A],BOT,TOP,201
